Date and Time Created,User Name,Tweet for covid
Date and Time Created,User Name,Tweet for covid
2020-05-12 21:02:49,douglaschongys,b'RT As many of us were sidelined by COVID-19 we saw the real heroes jump to action our essential healthcare workers on the front\xe2\x80\xa6'
2020-05-12 21:02:49,matthewmientka,b'RT After Covid-19 made the outside world taboo we soon adapted to interacting with friends and loved ones solely through screens Wi\xe2\x80\xa6'
2020-05-12 21:02:49,Spk2dez,b'RT Media Release Update on the coronavirus As of 1pm on 12 May the Western Cape has 4134 active cases of Covid-19 with a t\xe2\x80\xa6'
2020-05-12 21:02:49,EzequielPachec5,"b'RT BREAKING Dr Fauci just testified that the COVID-19 death toll is likely meaningfully higher than the 80,000 reported.'"
2020-05-12 21:02:48,WayneStockman2,b'RT Senate Republicans are preparing a major package of COVID-related liability reforms to foster economic recovery We are g\xe2\x80\xa6'
2020-05-12 21:02:48,TedGrunewald,b'RT The left/progressives whatever you want to call it is a failed political project Here are a bunch of lefty nonprofits\xe2\x80\xa6'
2020-05-12 21:02:48,joealdred,b'Covid deaths among BAME communities show a \xe2\x80\x98timebomb of health inequality Religion Media Centre https://t.co/CG94fQduQS'
2020-05-12 21:02:48,newsafricanow,"b'COVID-19 Cases in Egypt Pass the 10,000 Mark https://t.co/N4hTlEpaah'"
2020-05-12 21:02:48,BatchelorLaw,b'RT Trump and the Republicans are gonna kill an extra hundred thousand and still wreck the economy This is what happens when\xe2\x80\xa6'
2020-05-12 21:02:48,tracyTsnow,b'RT _Noir Documents marked \xe2\x80\x98not for distribution reveal Georgia is unprepared for COVID-19 surge Raw Story https://t.co/94pkq4F4ZD\xe2\x80\xa6'
2020-05-12 21:02:48,DanFostersEthos,"b""RT I've got a great item on it here https://t.co/oC6EWZMQu6 Trump took China's word and didn't take COVID-19 seriously for 50\xe2\x80\xa6"""
2020-05-12 21:02:48,JessesLaw,b'RT The truth of the matter is that the only person with even a passing association with the Trump administration who has any c\xe2\x80\xa6'
2020-05-12 21:02:48,maryataey,b'RT Short up-to-date summary of the corrupted Iranian regime; 20 arrested without any valid reason and in grave danger of #t\xe2\x80\xa6'
2020-05-12 21:02:48,BaldwinVidal,b'RT _ I still can\xe2\x80\x99t get over how Americans got tired of COVID and just decided it was over.'
2020-05-12 21:02:48,tonybanzai,b'RT I did not write this piece though I could have Check out my August 2019 tweets. The puppeteers used the\xe2\x80\xa6'
2020-05-12 21:02:48,nicholas_pineda,b'RT _ I still can\xe2\x80\x99t get over how Americans got tired of COVID and just decided it was over.'
2020-05-12 21:02:48,Jason_S_Lewis,b'Im Plaid but my opinion has risen considerably in way he\xe2\x80\x99s delivered Wales handling of Covid Red or https://t.co/e8UyBSQPGS'
2020-05-12 21:02:48,Sundncefn,b'RT _fox9 Masks off after presser. All for optics. Guess #Covid_19 just spreads while the cameras on on? #fakenews https://t.co/w\xe2\x80\xa6'
2020-05-12 21:02:48,Afiolabiyenyen,"b""RT _Kant He's giving to the government just like the donations of the Covid-19."""
2020-05-12 21:02:48,FemWhoVotes,b'RT This new Joe Biden ad rips into Trump for his COVID-19 response https://t.co/PX1eV1Dcl0'
2020-05-12 21:02:48,SkygazerLily,b'RT Warren County Kentucky where Rand Paul lives has more COVID-19 cases per capita than 51 of the 67 counties in New Eng\xe2\x80\xa6'
2020-05-12 21:02:48,Jacob_Smith1776,b'How many of those were fabricated \xe2\x80\x98COVID deaths.... https://t.co/FFpvANthqg'
2020-05-12 21:02:48,kagire,b'President Kagame Rallies EAC to Jointly Fight COVID-19 https://t.co/fnoxX4rfHe'
2020-05-12 21:02:48,IbnAdeleke,b'RT #Covid19KwaraUpdate 12th May 2020 8:00pm 10 new cases of #Covid_19 confirmed No of Pending tests 16 https://t.co/ZX\xe2\x80\xa6'
2020-05-12 21:02:47,Suborders15,"b'RT ""Alabama has reached 10,000 confirmed cases of COVID-19 The milestone happened Monday the same day Gov Kay Ivey\xe2\x80\x99s order to l\xe2\x80\xa6'"
2020-05-12 21:02:47,DaudaAbdul3,b'While NIGERIA are still testing Madagascar covid 19 drug'
2020-05-12 21:02:47,JoyMarks1,b'RT Positive Case Count in NHC at 117 of those 68 recovered &amp 3 deaths Additional mental health resources Three Ws g\xe2\x80\xa6'
2020-05-12 21:02:47,xo_kayyllaa,b'RT _ I still can\xe2\x80\x99t get over how Americans got tired of COVID and just decided it was over.'
2020-05-12 21:02:47,jdrodrigues,b'RT \xf0\x9f\x98\xb1OMG...a British railway ticket office worker has DIED of #coronavirus after a man who said he had #COVID19 spat and cou\xe2\x80\xa6'
2020-05-12 21:02:47,fishnfool514,b'40k try 77k for every covid treated patient Well in PA th https://t.co/7RDpRq7hH4'
2020-05-12 21:02:47,timotheus1967,b'RT Germany to provide India grants worth 20 million euros for Covid-19 response via https://t.co/5QKYo2lMkn'
2020-05-12 21:02:47,coneal110,b'RT Worth recalling Rand Paul was one of the biggest more destructive spreaders of misinformation and panic about how Ebola ma\xe2\x80\xa6'
2020-05-12 21:02:47,_plascenciaa,b'RT _ I still can\xe2\x80\x99t get over how Americans got tired of COVID and just decided it was over.'
2020-05-12 21:02:47,politicsngr_,"b'COVID-19 FG speaks on reviewing ease of lockdown in Lagos, others https://t.co/JFHJ0dSlk8'"
2020-05-12 21:02:47,Vasichek49,b'RT Weekly update from and on outcomes of COVID-19 in patients with chronic liver disease/post-\xe2\x80\xa6'
2020-05-12 21:02:47,leota101,b'RT Now this is the type of story I want to be sharing https://t.co/Lxb48GJ4mh'
2020-05-12 21:02:47,ShockDocBadiye,b'_chaparro COVID test result please!'
2020-05-12 21:02:47,JustBeMentalist,b'RT When it comes to making decisions under uncertainty of course more data are better But #COVID_19 decisions are urgent a\xe2\x80\xa6'
2020-05-12 21:02:47,KeishaRansome22,b'RT Rep Maxine Waters who last month stood on the House floor and dedicated her support for a coronavirus relief package to\xe2\x80\xa6'
2020-05-12 21:02:47,travadol,"b""RT That's right No budget to estimates have been tabled And what was presented was already completely out of date because o\xe2\x80\xa6"""
2020-05-12 21:02:47,jhight09,b'RT What did today at the hearing was the clearest most concise informed practical response to the unaccountabl\xe2\x80\xa6'
2020-05-12 21:02:47,Xolo_Biyase,b'RT _Sandra RIP to the opportunities we missed because of Covid-19 pandemic'
2020-05-12 21:02:47,99Biank,b'RT As the pandemic continues so does scapegoating and scaremongering Hatred and xenophobia have spread from anti-Asian sent\xe2\x80\xa6'
2020-05-12 21:02:47,brown_e_ally,b'RT _ I still can\xe2\x80\x99t get over how Americans got tired of COVID and just decided it was over.'
2020-05-12 21:02:47,NicoCallewaert,b'_CMB Chief Xavier Saelens missing in the piece pity At least we learn that some https://t.co/2wmDxskl9R'
2020-05-12 21:02:47,juicemaster,"b'RT ""For those who think the authorities have overreacted the gag is that Sars-CoV-2 is a virus with great PR How else to ex\xe2\x80\xa6'"
2020-05-12 21:02:47,xoxomiraya,b'RT _ I still can\xe2\x80\x99t get over how Americans got tired of COVID and just decided it was over.'
2020-05-12 21:02:47,Kamekichi1T,b'RT COVID breathing ventilators New York death rate https://t.co/6pQWuGgpXj https://t.co/MfSM8A9VzO'
2020-05-12 21:02:46,into_thefuture,b'RT A full-body sterilization booth is being trialed at the #HongKong International #Airport \xf0\x9f\x87\xad\xf0\x9f\x87\xb0 #Coronavirus #Covid_\xe2\x80\xa6'
2020-05-12 21:02:46,kvsee1,b'RT On the 31st March I lost my grandma to COVID-19 I started a GoFundMe to help with the cost of the funeral arrangements A\xe2\x80\xa6'
2020-05-12 21:02:46,SadieOaktree100,"b""RT This is a new virus &amp there's still a lot we don't understand about COVID in kids Given scientific uncertainty the decis\xe2\x80\xa6"""
2020-05-12 21:02:46,GovKemp,"b'Today received more than 152,000 N95 masks that will be shipped out to the frontlines of the fight with https://t.co/pvTQlfKhQy'"
2020-05-12 21:02:46,jeffrocks59,b'Only sad part of this whole picture is the part that isn\xe2\x80\x99t talked about Most Covid expire o https://t.co/3jOeXGI7Le'
2020-05-12 21:02:46,sandrakent38,b'RT ADVICE FROM RECORDING COVID-19 ON THE MEDICAL CERTIFICATE OF CAUSE OF DEATH. COVID-19 should be recorded on the me\xe2\x80\xa6'
2020-05-12 21:02:46,JamesRDWood,"b'RT In the last 24 hours government ministers have: 1 Accidentally made it illegal to drive to Wales 2 Stated wrongly,\xe2\x80\xa6'"
2020-05-12 21:02:46,astoldbyNGR,"b""RT Now that's three CDC studies\xe2\x80\x94from a Chinese restaurant a Korean call center and an American choir practice\xe2\x80\x94all finding that\xe2\x80\xa6"""
2020-05-12 21:02:46,Franklin_Lakes,b'May 11 2020 Message from the Mayor COVID-19 Update is available at https://t.co/NkCaFMad5B #franklinlakes https://t.co/mg3BwtlDMQ'
2020-05-12 21:02:46,blueingreenemo,b'RT Republicans care about Americans dying from COVID about as much as they care about kids dying from gun violence.'
2020-05-12 21:02:46,Larryscott00,b'RT I do not consent to contact tracing I will never submit to a covid test and I will not take another vaccine for the r\xe2\x80\xa6'
2020-05-12 21:02:46,haktuan,b'Does anyone else have a whole tab dedicated to covid-19. or is it just me https://t.co/AFKFmKLIBU'
2020-05-12 21:02:46,MauraColt,"b""RT Coping with your child(ren)'s learning (AT PRIMARY LEVEL During COVID-19 Researchers at and _DCU would\xe2\x80\xa6"""
2020-05-12 21:02:46,WVUFan54,b'RT Physicians nurses and staff celebrated the recovery of a COVID-19 patient who spent more than a month in the hospi\xe2\x80\xa6'
2020-05-12 21:02:46,mspscheer,b'Inadvertently got exposed to a large group of people last Thursday Feeling like shit today Sore throat heada https://t.co/fJYIwRv4YF'
2020-05-12 21:02:46,Crystal82028223,b'Despite Early Warnings U.S Took Months To Expand Swab Production For COVID-19 Test https://t.co/Zd9UiBEyiZ'
2020-05-12 21:02:46,oliviascloset13,b'RT Full section of information on safe working available from https://t.co/jhvtFLoOgw Many questions answered and some re\xe2\x80\xa6'
2020-05-12 21:02:46,himmoderator,b'Whoa The NYC Board of Correction has renovated its pandemic data page Take a look! #NYC #jail #Rikers #covid19 https://t.co/dNxDrLLLUO'
2020-05-12 21:02:46,PhilippeAbeille,b'Video Plandemic Documentary The Hidden Agenda Behind COVID-19 https://t.co/c6QdlOyLr9 via'
2020-05-12 21:02:46,mariasamerson,b'RT Warren County Kentucky where Rand Paul lives has more COVID-19 cases per capita than 51 of the 67 counties in New Eng\xe2\x80\xa6'
2020-05-12 21:02:45,britwaring,b'RT Catch me on the on radio this morning at 7:05 We are going to be talking about the how COVID\xe2\x80\xa6'
2020-05-12 21:02:45,GibraltarZA,b'RT Watch SARS Commissioner Edward Kieswetter makes valid points about the purpose of the lockdown That it was to make n\xe2\x80\xa6'
2020-05-12 21:02:45,DawnRoseTurner,b'RT Thanks for featuring our upcycled sew and no-sew face masks \xe2\x9c\x82\xef\xb8\x8f\xf0\x9f\x91\x95 Find the instructions for making them \xf0\x9f\x91\x89https\xe2\x80\xa6'
2020-05-12 21:02:45,AY_ikeja,b'RT Worth saying again Nigeria did not \xe2\x80\x9corder the alleged Covid-19 cure from Madagascar We got an allocation Many other A\xe2\x80\xa6'
2020-05-12 21:02:45,uuponline,b'RT Dr Seamus O\xe2\x80\x99Reilly Medical Director has confirmed that over the past six weeks 24 members of staff across two wards in Ant\xe2\x80\xa6'
2020-05-12 21:02:45,Shel23817156,b'RT You can look back my previous tweets I have said for ages that the Scottish Gov is a criminal enterprise It now seems to\xe2\x80\xa6'
2020-05-12 21:02:45,covfeferulez1,b'i believe can handle it all--Gen Flynn had his life destroyed for no reason--are we just supposed to put hi https://t.co/QIb68T9sqt'
2020-05-12 21:02:45,BJWahlstrom,b'RT If 80 of Americans Wore Masks COVID-19 Infections Would Plummet New Study Says https://t.co/z5M1zhaHOM via \xe2\x80\xa6'
2020-05-12 21:02:45,srk908,b'RT Dr Anthony Fauci says the US death toll is \xe2\x80\x9calmost certainly higher than what is currently being reported As an example\xe2\x80\xa6'
2020-05-12 21:02:45,Hylo67,b'There\xe2\x80\x99s people on Covid that are earning more than before teachers and lot of civil servants hope thi https://t.co/ajHVB5xQvv'
2020-05-12 21:02:45,garris_rick,b'RT We really should be planning for how to run our economy for the next year (*year* under COVID conditions as we create r\xe2\x80\xa6'
2020-05-12 21:02:45,edaalberta,"b""RT May 13 at 10 a.m. we're hosting a free webinar on Revisiting Your Business Model During the COVID-19 Crisis from a te\xe2\x80\xa6"""
2020-05-12 21:02:45,Challis46666988,b'RT Ex-ambassador asks why Trump was depending so much on China for all the info about COVID-19 https://t.co/ZVFmJx8NXP'
2020-05-12 21:02:45,usagreatnow,b'RT The liberal elite\xe2\x80\x99s fury over Boris\xe2\x80\x99s mild easing of the lockdown confirms how much they distrust the public They view u\xe2\x80\xa6'
2020-05-12 21:02:45,NWOisComingSoon,b'RT The Federal government just purchased 550 million vaccination syringes with needles (bulk pricing is ~$0.20 each) The populati\xe2\x80\xa6'
2020-05-12 21:02:45,MLoughMacon,"b""RT If you catch coronavirus at work who's responsible https://t.co/EMk5OLRaT3"""
2020-05-12 21:02:45,josh_icloud,b'RT (2/2 McConnell and Trump are refusing to meet this moment with a serious economic recovery plan and McConnell is doing\xe2\x80\xa6'
2020-05-12 21:02:44,MccOpinions,"b'RT Of the 22,049 people who have died with Covid in English hospitals only 31 were aged under 40 and had no underlying health\xe2\x80\xa6'"
2020-05-12 21:02:44,mcphn,b'RT NEW we\xe2\x80\x99ve updated our excess mortality tracker the gold-standard measure for Covid deaths allowing like-for-like compa\xe2\x80\xa6'
2020-05-12 21:02:44,bertbohosouth,b'RT Novel diseases like covid-19 are being trigged in large part by industrial encroachment into forests and other natural eco\xe2\x80\xa6'
2020-05-12 21:02:44,Elton35862558,b'_Chichava COVID-15'
2020-05-12 21:02:44,StinsonTimothy,b'RT South Dakota Gov Kristi Noem demanded tribes remove checkpoints in an effort to re-open the state The Cheyenne River Sioux\xe2\x80\xa6'
2020-05-12 21:02:44,OddZombie,b'RT Coronavirus outbreak at oilsands site that spread across 5 provinces sparks calls to limit fly-in workers https://t.co/3oxg\xe2\x80\xa6'
2020-05-12 21:02:44,NatalieSuther20,b'Why is anyone in this country paying for a Covid test?'
2020-05-12 21:02:44,sustopramen_,b'\xe2\x80\x9cMasked (2020 is an ongoing series which focuses on understanding yourself in the time of the COVID-19 pandemic. https://t.co/6gyn3oio3H'
2020-05-12 21:02:44,udeh_ifechukwu,b'RT They said it that after COVID-19 that they will attack biafra land We are in danger of fulanis but they plan will cons\xe2\x80\xa6'
2020-05-12 21:02:44,klkolz,b'Trump Labor Department Encourages States to Help Employers Report Workers Who Stay Home Due to Covid-19 Fears - https://t.co/GxilyeM8dd'
2020-05-12 21:02:44,jimlb314,"b'RT BREAKING Dr Fauci just testified that the COVID-19 death toll is likely meaningfully higher than the 80,000 reported.'"
2020-05-12 21:02:44,mary_swilling,"b""RT Is it just me or does Laura Ingraham ( come across as Rosemary's Baby's aborted cousin? #LauraIngraham #GOPCo\xe2\x80\xa6"""
2020-05-12 21:02:44,iproofer1,"b""RT Vladimir Putin\xe2\x80\x99s spokesman has been hospitalized with the coronavirus So apparently Russia's efforts to control COVID-19\xe2\x80\xa6"""
2020-05-12 21:02:44,FloydPa95304014,b'RT Hate has killed more people than covid-19 ever will.'
2020-05-12 21:02:44,KellyFought,"b""Democrats unveil $3 trillion Covid relief package Republicans warn bill is 'dead on arrival' https://t.co/NTwrosUihZ"""
2020-05-12 21:02:44,jskap_,b'RT _ I still can\xe2\x80\x99t get over how Americans got tired of COVID and just decided it was over.'
2020-05-12 21:02:44,julianjmorgan1,b'The Covid Collection??'
2020-05-12 21:02:44,Farmland,b'RT After 30 years of being shut out the Small Business Administration just allowed farmers to apply for economic disaster loa\xe2\x80\xa6'
2020-05-12 21:02:44,LKBinNC,b'RT This new Joe Biden ad rips into Trump for his COVID-19 response https://t.co/PX1eV1Dcl0'
2020-05-12 21:02:44,_johnnyjazz,b'RT When BBC tell you COVID deaths aren\xe2\x80\x99t so bad now remember these new death numbers in Europe today UK 627 deat\xe2\x80\xa6'
2020-05-12 21:02:44,willbardwell,b'The COVID mortality rate is around 1 out of every 100 cases How certain are we that the Tour can keep total exposu https://t.co/j1O5OHFflL'
2020-05-12 21:02:43,NatfordPreston,b'RT Why manslaughter He deliberately spat at her knowing he had Covid she died He killed her deliberate\xe2\x80\xa6'
2020-05-12 21:02:43,creubell,b'RT #okstate\xe2\x80\x99s veterinary lab has been vital to Oklahoma\xe2\x80\x99s #COVID19 testing The lab has run more tests than any other in OK with\xe2\x80\xa6'
2020-05-12 21:02:43,Intlatm,b'RT International Day of the Nurse is a special day to express gratitude to the phenomenal nurses working round the clock to\xe2\x80\xa6'
2020-05-12 21:02:43,Krejcikova13,b'RT States and the federal government need to act with urgency now to make sure people don\xe2\x80\x99t effectively lose their right t\xe2\x80\xa6'
2020-05-12 21:02:43,Sintierra7,b'RT Rep Maxine Waters who last month stood on the House floor and dedicated her support for a coronavirus relief package to\xe2\x80\xa6'
2020-05-12 21:02:43,Vickybr32546672,b'RT A group of independent scientists has branded Boris Johnson\xe2\x80\x99s easing of the lockdown \xe2\x80\x9cdangerous and warned that further lo\xe2\x80\xa6'
2020-05-12 21:02:43,AmaBOforiD,b'RT A man who had Covid-19 spat and coughed on Belly Mujinga a Black woman working in London Victoria with the intention\xe2\x80\xa6'
2020-05-12 21:02:43,MrM_ERUSD,b'RT Beginning Tues 5/12 Pico Rivera will offer free drive through COVID 19 tests to residents of Pico Rivera These tests are\xe2\x80\xa6'
2020-05-12 21:02:43,LouieLeonardoLL,b'RT Stanford antibody study walks back earlier estimate that one California county had 80K coronavirus cases https://t.co/WZI4I3\xe2\x80\xa6'
2020-05-12 21:02:43,dantesco755,b'RT Despite amplifying Chinese propaganda that there was no \xe2\x80\x9chuman to human transmission of coronavirus on January 14 a WHO\xe2\x80\xa6'
2020-05-12 21:02:43,queenannaoye,b'RT On the 31st March I lost my grandma to COVID-19 I started a GoFundMe to help with the cost of the funeral arrangements A\xe2\x80\xa6'
2020-05-12 21:02:43,TaniaGroth,b'RT The liberal elite\xe2\x80\x99s fury over Boris\xe2\x80\x99s mild easing of the lockdown confirms how much they distrust the public They view u\xe2\x80\xa6'
2020-05-12 21:02:43,jjdonkersgoed,"b""RT BREAKING The CNE has announced that this year's event will be cancelled due to the COVID-19 pandemic It is only the second time\xe2\x80\xa6"""
2020-05-12 21:02:43,BarbaraGoggin4,b'RT Watch Outrageous Cuomo Now Calls COVID-19 The \xe2\x80\x98European Virus\xe2\x80\x99 READ MORE https://t.co/DZ8kUOAeM5'
2020-05-12 21:02:43,Mer_Missa_,b'RT _ I still can\xe2\x80\x99t get over how Americans got tired of COVID and just decided it was over.'
2020-05-12 21:02:43,8712patriciaac,b'RT Trump and the Republicans are gonna kill an extra hundred thousand and still wreck the economy This is what happens when\xe2\x80\xa6'
2020-05-12 21:02:43,lindawadman,b'RT When I asked Dr Scott Atlas today on my show about the prospect of using tracers to track down cases of covid-19 at this st\xe2\x80\xa6'
2020-05-12 21:02:43,jasminham,b'RT _ I still can\xe2\x80\x99t get over how Americans got tired of COVID and just decided it was over.'
2020-05-12 21:02:43,clive_uttley,"b""RT Hope so...not sure what's happening with COVID...but at least let's get Brexit done and dusted!"""
2020-05-12 21:02:43,Sofia03336,b'RT The ever zealous police have really surpassed themselves they are taking a homeless man to court under covid rules f\xe2\x80\xa6'
2020-05-12 21:02:43,Aneelakhan1,b'RT Experts say we\xe2\x80\x99ll need to track everyone who has come in contact with a COVID-19 patient to stop new chains of infecti\xe2\x80\xa6'
2020-05-12 21:02:43,justin4asu,"b""RT Now that's three CDC studies\xe2\x80\x94from a Chinese restaurant a Korean call center and an American choir practice\xe2\x80\x94all finding that\xe2\x80\xa6"""
2020-05-12 21:02:42,aqurab,b'RT #EmergencyRelief and #FoodKits distributed by #MarkazulMaarif a unit of #AjmalCSR in #Assam on 11 and 12 May 2020 during #Covi\xe2\x80\xa6'
2020-05-12 21:02:42,_devyp,b'RT _ I still can\xe2\x80\x99t get over how Americans got tired of COVID and just decided it was over.'
2020-05-12 21:02:42,CharlieInUtah,"b'RT _Pierce The City of Fort Pierce is offering free COVID-19 testing without the need for an appointment Thursday May 14 and Friday,\xe2\x80\xa6'"
2020-05-12 21:02:42,mcallister,"b""RT UPDATE Ontario's top doctor says he does not feel confident that the province has met the threshold to start on its econom\xe2\x80\xa6"""
2020-05-12 21:02:42,justyumdrew,b'RT if covid-19 was a stan account https://t.co/PeP85Vjopv'
2020-05-12 21:02:42,TomJurgen,b'RT This from a paper that while it never deemed Johnson fit to be its editor has championed him as prime minister more\xe2\x80\xa6'
2020-05-12 21:02:42,chriso2301,b'Then stay the fuck home I would rather live free then be afraid to https://t.co/DOmNu5vH55'
2020-05-12 21:02:42,lilyeonho,b'i already struggled with school work especially (and mostly at home bc of my mental health + https://t.co/WzlESOualh'
2020-05-12 21:02:42,RubyGonzales2,b'RT \xe2\x80\x9cThere doesn\xe2\x80\x99t appear to be any mechanism whatsoever to ensure that these loans were available only to companies that\xe2\x80\xa6'
2020-05-12 21:02:42,tomg1114,b'RT So 0.5 of NYC is dead from COVID unemployment is approaching levels my grandparents talked about and you can see my brea\xe2\x80\xa6'
2020-05-12 21:02:42,Umar_YB,"b'RT Dear , This is how deplorable this PHC Centre in Dallaje Bindawa LG of Katsina State Nigeria is We urg\xe2\x80\xa6'"
2020-05-12 21:02:42,skhowden,b'RT https://t.co/wUQHltNWbd Sir David Norgrove chair of the Statistics Authority suggested the way daily testing figures wer\xe2\x80\xa6'
2020-05-12 21:02:42,watanpal12,"b""RT Message from PTM's leader about having been tested positive for COVID-19 He is fine and is going to get\xe2\x80\xa6"""
2020-05-12 21:02:42,speakout_april,b'RT Worth recalling Rand Paul was one of the biggest more destructive spreaders of misinformation and panic about how Ebola ma\xe2\x80\xa6'
2020-05-12 21:02:42,FebruarysRebel,b'RT _ I still can\xe2\x80\x99t get over how Americans got tired of COVID and just decided it was over.'
2020-05-12 21:02:42,MamaIsStillPis3,b'RT Trump and the Republicans are gonna kill an extra hundred thousand and still wreck the economy This is what happens when\xe2\x80\xa6'
2020-05-12 21:02:42,DevonMcCardel,"b""RT Vladimir Putin\xe2\x80\x99s spokesman has been hospitalized with the coronavirus So apparently Russia's efforts to control COVID-19\xe2\x80\xa6"""
2020-05-12 21:02:42,msbston,"b""RT UAB doctor says Alabama isn't ready to reopen \xe2\x80\x9cI\xe2\x80\x99m 42 and I have no chronic medical conditions The fact that despit\xe2\x80\xa6"""
2020-05-12 21:02:42,rufflaw,b'RT Bill Gates will devote all of his philanthropic resources to taking on Covid-19'
2020-05-12 21:02:42,BDBgoldens3,"b""RT UK's #COVID19 death toll tops 38,000 worst in Europe https://t.co/qd3DwxTUDJ"""
2020-05-12 21:02:42,woshesgc,b'RT covid a eu https://t.co/fJ6lwI7nx4'
2020-05-12 21:02:42,christasgould,b'RT _ I still can\xe2\x80\x99t get over how Americans got tired of COVID and just decided it was over.'
2020-05-12 21:02:42,diane43428911,b'RT Wonder if this Senate committee will have the courage to ask Fauci about his financial interests in Gilead Sciences Remdesivir\xe2\x80\xa6'
2020-05-12 21:02:42,peruzzi1,b'RT Trump and the Republicans are gonna kill an extra hundred thousand and still wreck the economy This is what happens when\xe2\x80\xa6'
2020-05-12 21:02:42,DougieBrownPT,"b""RT Loved reading about this young penpal scheme in today https://t.co/kfJAc4WGiI It's great to see young pe\xe2\x80\xa6"""
2020-05-12 21:02:42,Rizzman3,b'Agreed The world was heading this direction slowly before COVID simply accelerated the time to adoptio https://t.co/c0Qs1nPpNW'
2020-05-12 21:02:42,seunAfolabi06,b'RT COVID-19 No drug can be distributed unless registered FG https://t.co/1ewEPRp3AB'
2020-05-12 21:02:42,SCDCA,b'RT The fake sites can look real They\xe2\x80\x99re taking people\xe2\x80\x99s personal information including Social Security numbers credit card\xe2\x80\xa6'
2020-05-12 21:02:42,Cath_Njuguna,b'RT _lava responds to questions on germplasm health issues at the next Live Q and A session on the relationship betw\xe2\x80\xa6'
2020-05-12 21:02:42,ytowngamedev,b'Gaming Software (COVID-19 Impact Thematic Research https://t.co/q55LAaaa9Y https://t.co/s5ZE6GLzi5'
2020-05-12 21:02:41,Gazthomson,b'I can\xe2\x80\x99t believe there\xe2\x80\x99s people here trying to justify the U.Ks record on Covid deaths The t https://t.co/xt4YNPgdAd'
2020-05-12 21:02:41,EnricBarba,b'RT VHIO- as well as 6 other leading #cancer treatment centers have taken important measures to protect patients from #C\xe2\x80\xa6'
2020-05-12 21:02:41,JessyHrh,b'RT In a post-COVID South Africa where unemployment is expected to pass the 40 mark &amp Nedbank expects that 1.6million S\xe2\x80\xa6'
2020-05-12 21:02:41,coria_analise,b'RT _ I still can\xe2\x80\x99t get over how Americans got tired of COVID and just decided it was over.'
2020-05-12 21:02:41,RVelez1018,b'RT Doctor called I am COVID free and IMMUNE Woooooooo!!!'
2020-05-12 21:02:41,Blueprint_ng,b'Minister to engage expertise on curb COVID-19 fight https://t.co/iT6QS4D9IP'
2020-05-12 21:02:41,Jay64358116,b'RT Leftist Blog Jezebel Publishes Article Saying Author Will \xe2\x80\x98Be Thrilled If Stephen Miller Dies of Covid-19\xe2\x80\x99 Trump Campaign R\xe2\x80\xa6'
2020-05-12 21:02:41,mickjj,b'RT The Flu has been around forever. We still haven\xe2\x80\x99t beat it. \xe2\x80\x9cFlu Vaccines used by over a 100 million people a year can\xe2\x80\xa6'
2020-05-12 21:02:41,emmakennett,"b'RT \xf0\x9f\x99\x8f\xf0\x9f\x99\x8f\xf0\x9f\x8f\xbf\xf0\x9f\x99\x8f Be a and pledge your support right now to https://t.co/5swHM6Qfiv ""A ray of hope for arts and community after\xe2\x80\xa6'"
2020-05-12 21:02:41,jsmolinski,"b""No he's in the process Covid came at an bad time for him He's gotten approval from courts. https://t.co/hJRs0Zh3yT"""
2020-05-12 21:02:41,TProphet,b'RT If only our government was capable of giving updates on the COVID-19 situation with the same level of detail and clarity a\xe2\x80\xa6'
2020-05-12 21:02:41,SharonSharonh10,b'RT I did not have the emergence of a COVID fan club on my 2020 Apocalypse Bingo Card but reading some MAGA Twitter feeds sh\xe2\x80\xa6'
2020-05-12 21:02:41,si_munnyXX,b'RT _ I still can\xe2\x80\x99t get over how Americans got tired of COVID and just decided it was over.'
2020-05-12 21:02:41,ds13_manon,b'RT Are ppl really going to let the giant arse continue to destroy their jobs cancel their leisure and ban their h\xe2\x80\xa6'
2020-05-12 21:02:41,MaryEBryant2,b'RT Trump and the Republicans are gonna kill an extra hundred thousand and still wreck the economy This is what happens when\xe2\x80\xa6'
2020-05-12 21:02:41,jjj5819,b'RT Documents marked \xe2\x80\x98not for distribution reveal Georgia is unprepared for COVID-19 surge https://t.co/BsCnhDyQda'
2020-05-12 21:02:41,karmagirlincali,b'RT Nancy Pelosi wants to spend $3 TRILLION on new COVID-19 Bill (*Planned Parenthood COUGH *Mail-In Voting* COUGH COUGH)\xe2\x80\xa6'
2020-05-12 21:02:41,cerodri4,b'RT _ I still can\xe2\x80\x99t get over how Americans got tired of COVID and just decided it was over.'
2020-05-12 21:02:41,g_ratnam,b'RT Previously manual contact tracing was used during pandemics Now the MIT Media Lab-hosted Safe Paths Project app can\xe2\x80\xa6'
2020-05-12 21:02:40,lizditz,b'RT I had a lab run blood serum antibody test last week Just got results I had Covid 19 in February.'
2020-05-12 21:02:40,nickicheila,b'RT On the 31st March I lost my grandma to COVID-19 I started a GoFundMe to help with the cost of the funeral arrangements A\xe2\x80\xa6'
2020-05-12 21:02:40,mrslatford,b'RT The liberal elite\xe2\x80\x99s fury over Boris\xe2\x80\x99s mild easing of the lockdown confirms how much they distrust the public They view u\xe2\x80\xa6'
2020-05-12 21:02:40,ajb427,b'RT The federal government bailed out big corporations and gave millionaires a tax cut in the first COVID bills. It\xe2\x80\x99s time for\xe2\x80\xa6'
2020-05-12 21:02:40,EmirErbay2010,b'RT _Tough Cancer patient commissioner polic \xc3\x9cmit G\xc3\xb6khasan has a very difficult situation in jail in Turkey COVID-19 threatens ever\xe2\x80\xa6'
2020-05-12 21:02:40,UgorjiMazi,b'RT \xf0\x9f\x93\xb9Governor Wike Openly Blasts The Deputy Commissioner Of Police Adamu Abubakar For Sabotaging His Efforts In The State B\xe2\x80\xa6'
2020-05-12 21:02:40,TheRealGSingh,b'RT The House Democrats new COVID relief bill includes funding to subsidize rents and mortgages protect elections bailout\xe2\x80\xa6'
2020-05-12 21:02:40,clubberlang22,b'Message from Atalanta ultras Bergamo suffered more than any region in Italy through covid 19. https://t.co/pM4i3F7fv0'
2020-05-12 21:02:40,Liverpotlian,b'RT NEWS Trump withdraws Mar-a-Lago dock plan 3 days after reports his proposal during Covid crisis raised\xe2\x80\xa6'
2020-05-12 21:02:40,MadAsFaulk,b'Let\xe2\x80\x99s assume 2 things you win the election &amp we\xe2\x80\x99re still dealing with Covid come your inauguration How https://t.co/Phzb1PF4hk'
2020-05-12 21:02:40,allapologeez,b'RT _ I still can\xe2\x80\x99t get over how Americans got tired of COVID and just decided it was over.'
2020-05-12 21:02:40,EimearStudios,b'Gaming Software (COVID-19 Impact Thematic Research has been published on #YGD https://t.co/JVbyEtzmOg https://t.co/iINr6IbuPS'
2020-05-12 21:02:40,xayy_y,b'RT _ I still can\xe2\x80\x99t get over how Americans got tired of COVID and just decided it was over.'
2020-05-12 21:02:40,A_laury9,b'RT _ I still can\xe2\x80\x99t get over how Americans got tired of COVID and just decided it was over.'
2020-05-12 21:02:40,AY_ikeja,"b'RT ""The states are Lagos (N26.23 billion) Bayelsa (N35.14 billion) Rivers (N39.99 billion) Akwa Ibom (N40.61 billion) an\xe2\x80\xa6'"
2020-05-12 21:02:40,SWUnitedNA,"b""RT Kids are more resistant to getting COVID-19 but they make great asymptomatic super-spreaders once they're infecte\xe2\x80\xa6"""
2020-05-12 21:02:40,aCall2Arts,b'\xf0\x9f\x93\xa2 Call to Arts Virtual Meetup Tomorrow May 13 7-8PM Call for Public Art COVID-19 Resources for Artists - https://t.co/HbSBe0ziPp'
2020-05-12 21:02:40,_smol_k,b'RT _tysm2 Y\xe2\x80\x99all.. imagine the energy for the opening concert when this COVID thing is over https://t.co/6tgGHxlq3U'
2020-05-12 21:02:40,CwtchyQ,b'RT \xf0\x9f\x98\xb3\xf0\x9f\x98\xb3\xf0\x9f\x98\xb3 So up to 5thMay 95 of covid regd deaths in the UK had an underlying health condition and 91 were aged over 60 11\xe2\x80\xa6'
2020-05-12 21:02:40,laurachickering,b'RT Democrats New $3 Trillion COVID Stimulus Includes The Word \xe2\x80\x98Cannabis 68 Times https://t.co/jrNhcKw7PB'
2020-05-12 21:02:40,barnta,"b'RT _Aceng Today 12 May 2020 4 new COVID-19 cases confirmed from 1,478 samples of truck drivers This brings the total number o\xe2\x80\xa6'"
2020-05-12 21:02:40,Lwyrboy,b'ITS A DISTRACTION DUE TO TRUMPS POOR COVID RESPONSE'
2020-05-12 21:02:40,michelleking66,b'RT Tomorrow Earthjustice attorney Jenny Harbine will defend by phone tens of thousands of acres of public lands from being\xe2\x80\xa6'
2020-05-12 21:02:40,loveanarchy777,b'RT On a side note...look what Corona/Covid-19 is bringing us. https://t.co/vjtYh8IGTr'
2020-05-12 21:02:40,SimplyFree8,b'RT _RESUS Hi ER Doc here. We STILL do NOT have enough COVID tests for our symptomatic patients let alone to test everyone who wants o\xe2\x80\xa6'
2020-05-12 21:02:40,MelanieLybarger,b'RT Trump is muzzling independent oversight &amp putting the wealthy &amp well-connected first when handing out COVID-19 funds Congre\xe2\x80\xa6'
2020-05-12 21:02:40,rositastef,b'RT WATCH In an Urgent Question to the Chancellor of the Exchequer I welcomed the Furlough extension but called on Ministers t\xe2\x80\xa6'
2020-05-12 21:02:39,BDWatcher,"b'RT The #Media is claiming the USA has had 83,000 deaths from COVID-19 Of course we KNOW that is preposterous How many de\xe2\x80\xa6'"
2020-05-12 21:02:39,A_S_A_Alothman,"b""RT _rips Dr Andrew Kaufman They Want To Genetically Modify Us With The COVID-19 Vaccine This one probably won't last long.. Watch\xe2\x80\xa6"""
2020-05-12 21:02:39,mmjs40,b'RT NEWS Trump withdraws Mar-a-Lago dock plan 3 days after reports his proposal during Covid crisis raised\xe2\x80\xa6'
2020-05-12 21:02:39,wnct9,b'Pitt County health officials are reporting 172 confirmed cases of COVID-19 in Pitt County https://t.co/sDhPrDIUKo'
2020-05-12 21:02:39,GregNN,b'RT Stephen Schondelmeyer co-principal investigator of the resilient drug supply project ( _RDS ) discusses\xe2\x80\xa6'
2020-05-12 21:02:39,legendvrry,b'RT _ I still can\xe2\x80\x99t get over how Americans got tired of COVID and just decided it was over.'
2020-05-12 21:02:39,patanq,"b""RT Now that's three CDC studies\xe2\x80\x94from a Chinese restaurant a Korean call center and an American choir practice\xe2\x80\x94all finding that\xe2\x80\xa6"""
2020-05-12 21:02:39,yosnsks,b'RT New York State is now investigating about 100 cases of an inflammatory illness in children that may be related to COVID-19.\xe2\x80\xa6'
2020-05-12 21:02:39,wozman24,b'RT The United States currently ranks 32nd in Covid-19 tests per capita one spot ahead of Belarus.'
2020-05-12 21:02:39,SPhilip18,b'RT I BELIEVE THESE NUMBERS FOR SO CALLED COVID DEATHS ARE WRONG AND HAVE BEEN SKEWED SO THE GOVERNMENT CAN JUSTIFY THEIR MAND\xe2\x80\xa6'
2020-05-12 21:02:39,agency_map,"b'Covid-19 137 New Cases in Morocco 6,418 in Total Health Ministry https://t.co/FpkMjEXEBU https://t.co/T0q8y75BXC'"
2020-05-12 21:02:39,carrotninja604,b'Essential worker working part time Making less than 1k every month earned &gt;5k last year but since my hours fluctu https://t.co/HrzhOg7Rsw'
2020-05-12 21:02:39,MarcusJ74838579,b'RT Iran Academy of Islamic Sciences top dog says Covid-19 is \xe2\x80\x9csecular virus that \xe2\x80\x9cattacks religious institutions https://\xe2\x80\xa6'
2020-05-12 21:02:39,GOLDLactation,b'Huge thank you to Dr Michael Narvey for a fantastic &amp important #COVID19 presentation! M.Narvey #COVID #pregnancy https://t.co/eFkjZUxtD1'
2020-05-12 21:02:39,LauraMiers,b'\xe2\x80\x9cDespite warnings about supply shortages by health experts and governors at least as early as February the federal https://t.co/XtNcvHkj4N'
2020-05-12 21:02:39,covnews,"b'Five NCSS schools have together received grant funds in excess of $655,000 from the Georgia Department of Education https://t.co/rbBL8aVy85'"
2020-05-12 21:02:39,Whyte4Lyfe,b'RT Covid-19 has changed everything including how we are able to teach at the moment teachers in many cases have had to\xe2\x80\xa6'
2020-05-12 21:02:39,DavidWinsper,"b""Can't wait to see all those V Shaped #Property transactions winging in given Furlough Underemployment Unemployme https://t.co/7wAuFYRtbv"""
2020-05-12 21:02:39,Sofia03336,b'RT Increase in owners abandoning pets over COVID fears study reveals https://t.co/CjgceMJ7i6'
2020-05-12 21:02:39,sjodet,b'Too many variables a huge one being Covid also YouTube The cure (hero pools might be worse than t https://t.co/AmhgVK4ydB'
2020-05-12 21:02:39,charluv2011,b'RT No More Detention Centers in Michigan is reporting an active hunger strike at the BOP-managed North Lake Correctional F\xe2\x80\xa6'
2020-05-12 21:02:39,cricketpineda,b'RT NEWS Trump withdraws Mar-a-Lago dock plan 3 days after reports his proposal during Covid crisis raised\xe2\x80\xa6'
2020-05-12 21:02:39,reviewjournal,b'Business owners are afraid they will be held liable if a worker catches COVID-19 while on the job Meanwhile some https://t.co/9MGiYGCJ3u'
2020-05-12 21:02:38,BrianJThompson8,b'Ultimate radio as indeed being entertaining people in this lockdown and covid-19 and they doing a magnificent job i https://t.co/CftfaDsXEo'
2020-05-12 21:02:38,terr_ified,b'RT _ I still can\xe2\x80\x99t get over how Americans got tired of COVID and just decided it was over.'
2020-05-12 21:02:38,interiorsavings,b'RT A new funding stream was launched this week in partnership with and\xe2\x80\xa6'
2020-05-12 21:02:38,keithmfitz,b'RT Warren County Kentucky where Rand Paul lives has more COVID-19 cases per capita than 51 of the 67 counties in New Eng\xe2\x80\xa6'
2020-05-12 21:02:38,xdeborahrose,b'RT On the 31st March I lost my grandma to COVID-19 I started a GoFundMe to help with the cost of the funeral arrangements A\xe2\x80\xa6'
2020-05-12 21:02:38,UoM_PGT_Immuno,b'RT In this new #OpenAccess perspective and Jedd D Wolchok summarize what is known regarding the host immune re\xe2\x80\xa6'
2020-05-12 21:02:38,kenkircher1,b'RT Howard law professor Richard Paul Thornell who started the first Peace Corps program abroad dies of covid-19 https://t.\xe2\x80\xa6'
2020-05-12 21:02:38,uhwhat2020,b'RT When I asked Dr Scott Atlas today on my show about the prospect of using tracers to track down cases of covid-19 at this st\xe2\x80\xa6'
2020-05-12 21:02:38,Turquoiselady,"b""RT This is a new virus &amp there's still a lot we don't understand about COVID in kids Given scientific uncertainty the decis\xe2\x80\xa6"""
2020-05-12 21:02:38,Wanzi_G,b'RT _ I still can\xe2\x80\x99t get over how Americans got tired of COVID and just decided it was over.'
2020-05-12 21:02:38,jchausow,b'RT _Schaffer THREAD Out of all 50 states New York has the 6th highest number of total deaths behind bars from COVID-19 and the 8t\xe2\x80\xa6'
2020-05-12 21:02:38,__lisanguyen__,b'RT _ I still can\xe2\x80\x99t get over how Americans got tired of COVID and just decided it was over.'
2020-05-12 21:02:38,AbiMazin,b'RT _Minutes Doug Ford\xe2\x80\x99s daughters visited him over the weekend in spite of COVID-19 rules In their defence they thought they should c\xe2\x80\xa6'
2020-05-12 21:02:38,JohnnaJ416,b'RT _ I still can\xe2\x80\x99t get over how Americans got tired of COVID and just decided it was over.'
2020-05-12 21:02:38,Ann_K_Beynon,b'RT A #vaccine could be the ultimate weapon against the #coronavirus But how long will it take The explores in a new\xe2\x80\xa6'
2020-05-12 21:02:38,psalmuel27,b'RT #Covid19KwaraUpdate 12th May 2020 8:00pm 10 new cases of #Covid_19 confirmed No of Pending tests 16 https://t.co/ZX\xe2\x80\xa6'
2020-05-12 21:02:38,ReaLindaSteding,b'GA was looking at 4 Statewide budget cuts pre covid Now we are facing 14 cuts because of balanced b https://t.co/H6JGLlRxS5'
2020-05-12 21:02:38,phillis_randy,b'RT A few weeks ago Senate Democrats proposed a Heroes Fund for our essential workers. And the House bill does just that: It\xe2\x80\xa6'
2020-05-12 21:02:38,davis_diana,b'Think you might have coronavirus A COVID-19 drive-thru testing site is available in the Walmart parking lot locate https://t.co/mi05fX8ju1'
2020-05-12 21:02:38,keshavestate,b'To the nurses of the world: Happy International Nurses Day a day that we dedicate to YOU! Thank you for work https://t.co/kiSIDpYQHn'
2020-05-12 21:02:38,ola_fisayo,b'RT A customer said they had COVID and spat and coughed at 2 staff members they fell ill with COVID a few days later So this is m\xe2\x80\xa6'
2020-05-12 21:02:37,prage27,b'_cip What is this nonsense I know math is hard but for re https://t.co/vhQDa4wI9z'
2020-05-12 21:02:37,smg19810,"b'RT ""Alabama has reached 10,000 confirmed cases of COVID-19 The milestone happened Monday the same day Gov Kay Ivey\xe2\x80\x99s order to l\xe2\x80\xa6'"
2020-05-12 21:02:37,our_history_now,b'RT New York State is now investigating about 100 cases of an inflammatory illness in children that may be related to COVID-19.\xe2\x80\xa6'
2020-05-12 21:02:37,skrohde,b'RT I delivered \xe2\x80\x9cCOVID Relief now for the people &amp USPS from Sandra a verified voter in Appleton Wis. to \xe2\x80\xa6'
2020-05-12 21:02:37,mcshoor,"b'RT By any measure factory farming is a failed system\xe2\x80\x94and now the COVID-19 crisis is ""exposing how fragile big meat\xe2\x80\x99s suppl\xe2\x80\xa6'"
2020-05-12 21:02:37,ordracir1,"b'RT BREAKING Dr Fauci just testified that the COVID-19 death toll is likely meaningfully higher than the 80,000 reported.'"
2020-05-12 21:02:37,LisaReganPR,"b""The T shirt that applies to every situation. Let's schedule a zoom pre email meeting to discuss the meeting of cou https://t.co/KQBoOceb82"""
2020-05-12 21:02:37,bcsurvivo,b'RT Rep Maxine Waters who last month stood on the House floor and dedicated her support for a coronavirus relief package to\xe2\x80\xa6'
2020-05-12 21:02:37,theylovechristi,b'RT _ I still can\xe2\x80\x99t get over how Americans got tired of COVID and just decided it was over.'
2020-05-12 21:02:37,NDIndianz,b'Joint Information Center news release (Office of the Governor Emergency Commission approves using over $500M in https://t.co/XMkLz1volT'
2020-05-12 21:02:37,etoileluna77,b'RT Trump and the Republicans are gonna kill an extra hundred thousand and still wreck the economy This is what happens when\xe2\x80\xa6'
2020-05-12 21:02:37,MillstoneGlobal,"b""_Charles Oh yeah that's old news a lot of people still don't know The reason for doing that is the money th https://t.co/1GwXOXqnMc"""
2020-05-12 21:02:37,spkelly1977,b'RT Parents if your Governor told you your child won\xe2\x80\x99t be allowed back to school unless they get the covid-19 vaccine wh\xe2\x80\xa6'
2020-05-12 21:02:37,kellycorfe,b'RT Republicans care about Americans dying from COVID about as much as they care about kids dying from gun violence.'
2020-05-12 21:02:37,Micksab,b'RT _ I still can\xe2\x80\x99t get over how Americans got tired of COVID and just decided it was over.'
2020-05-12 21:02:37,koyla_kallu,b'RT _Ansari MP is one of the most #Covid affected states. This happened in Sagar In MP. Just waiting to see if the Jain-RSS nexus m\xe2\x80\xa6'
2020-05-12 21:02:37,RoseMB57,b'RT The truth of the matter is that the only person with even a passing association with the Trump administration who has any c\xe2\x80\xa6'
2020-05-12 21:02:37,corron_eva,"b""RT Anon Haven't seen this pointed out anywhere I've been watching it for a while and the correlation has held. Upper cov\xe2\x80\xa6"""
2020-05-12 21:02:37,Asa7_2,b'RT Dr Judy Mikovitz explains why Doctors are being paid more for Covid-19 patients leading to false number of infections #Plan\xe2\x80\xa6'
2020-05-12 21:02:37,ALF4Prez2020,b'RT Trump and the Republicans are gonna kill an extra hundred thousand and still wreck the economy This is what happens when\xe2\x80\xa6'
2020-05-12 21:02:37,LemonMuffinNerd,b'The PR government they sent out an alert asking for anyone that\xe2\x80\x99s recovered from COVID-19 to donate blood.. THEY https://t.co/uGdvM3ZJhx'
2020-05-12 21:02:37,gayford03,b'RT \xe2\x80\x98SHOTS FIRED\xe2\x80\x99 Dashcam footage released by Fort Worth police shows dozens scatter when gunfire rang out as authorities tr\xe2\x80\xa6'
2020-05-12 21:02:36,DigitalSecArch,b'Clear #communication as return to work from #COVID is critical the news is a noise cloud Be specific when doe https://t.co/46wsYrNuzD'
2020-05-12 21:02:36,chengoy,"b'RT ""There Is Nothing from the CDC I Can Trust! Dr Birx Tells Off CDC Director Claims COVID-19 Mortality Rate Inflated By as Mu\xe2\x80\xa6'"
2020-05-12 21:02:36,Tamaledad,b'RT _ I still can\xe2\x80\x99t get over how Americans got tired of COVID and just decided it was over.'
2020-05-12 21:02:36,PhilipOgola,b'RT Tomorrow 7am-9am on join \xe2\x80\x99s HIV &amp Child Protection Officer with _Gachanja \xe2\x80\xa6'
2020-05-12 21:02:36,KatsuhikoTsuda,b'RT Despite COVID-19 these Soldiers are maintaining their mission and say \xe2\x80\x9cWe are more ready now than we have\xe2\x80\xa6'
2020-05-12 21:02:36,naegrant,b'RT _ I still can\xe2\x80\x99t get over how Americans got tired of COVID and just decided it was over.'
2020-05-12 21:02:36,worldsgonemad6,b'RT The liberal elite\xe2\x80\x99s fury over Boris\xe2\x80\x99s mild easing of the lockdown confirms how much they distrust the public They view u\xe2\x80\xa6'
2020-05-12 21:02:36,dismisstrump,"b""RT At least 4,500 Tyson meatpacking workers have caught COVID-19 with 18 deaths still doesn't offer paid si\xe2\x80\xa6"""
2020-05-12 21:02:36,Isolde1960,"b'RT ""I don\'t see how this wouldn\'t be murder. Victoria station worker Belly Mujinga died from Covid-19 after being spat on by\xe2\x80\xa6'"
2020-05-12 21:02:36,stewshad,b'RT _ I still can\xe2\x80\x99t get over how Americans got tired of COVID and just decided it was over.'
2020-05-12 21:02:36,BrendaMHeath,b'RT _RESUS Hi ER Doc here. We STILL do NOT have enough COVID tests for our symptomatic patients let alone to test everyone who wants o\xe2\x80\xa6'
2020-05-12 21:02:36,610CKTB,"b""NEWS ''A pretty scary thing: Kid illness tied to COVID worries NY Details https://t.co/J51W1BldgA https://t.co/zVEVXXKi2c"""
2020-05-12 21:02:36,WFBrother,b'RT Check out the COVID-19 tab in Explore available in select countries For the latest COVID-19 developments and storie\xe2\x80\xa6'
2020-05-12 21:02:36,abdoul_official,b'RT The Presidential Task Force on COVID-19 has inaugurated ThisDay Dome in Abuja as an isolation centre The facility was do\xe2\x80\xa6'
2020-05-12 21:02:36,Suz_Todd,b'RT Tomorrow Earthjustice attorney Jenny Harbine will defend by phone tens of thousands of acres of public lands from being\xe2\x80\xa6'
2020-05-12 21:02:36,huck68finn,b'RT _Riedl I keep reading all those liberal Twitter rants accusing the GOP of playing politics with COVID response And then the Hou\xe2\x80\xa6'
2020-05-12 21:02:36,plamen_neykov,"b'RT 2 weeks ago I said true number of UK Covid deaths would be 70,000-100,000 when real figures were analysed And brexity/to\xe2\x80\xa6'"
2020-05-12 21:02:36,Ju95881813,b'RT DHS cracking down on COVID-19 related fraud https://t.co/jnuBxtEEWc #OANN https://t.co/i7c8fb2ApX'
2020-05-12 21:02:36,mkg_sd,b'RT Rep Maxine Waters who last month stood on the House floor and dedicated her support for a coronavirus relief package to\xe2\x80\xa6'
2020-05-12 21:02:36,RJennromao,b'RT So while children\xe2\x80\x99s aid societies were denying parents face to face access because they are a danger of passing on COVI\xe2\x80\xa6'
2020-05-12 21:02:36,parkvillemo,b'The annual Northland Law Enforcement Appreciation Day scheduled for May 16th has been cancelled because of the COVI https://t.co/flKX9pt0Ub'
2020-05-12 21:02:36,nilimohammadi,"b'RT After asks President Trump why he sees the pandemic response as a ""global competition, he tells her ""Maybe that\'s a\xe2\x80\xa6'"
2020-05-12 21:02:36,jjj5819,b'RT \xe2\x80\x98I can\xe2\x80\x99t communicate how deeply just disappointed I am Sen railed against the GOP for bringing back legisl\xe2\x80\xa6'
2020-05-12 21:02:35,scattrd_evrywhr,b'RT . who is currently quarantined in Tennessee after a member of his staff tested positive for Covid-19 opens the\xe2\x80\xa6'
2020-05-12 21:02:35,ZaynaKhayat,b'RT Here\xe2\x80\x99s a cool piece of Cdn Tech for Covid screening CTO is a former student of mine \xe2\x80\x9cColour X-Rays https:\xe2\x80\xa6'
2020-05-12 21:02:35,benakabogu,"b""RT COVID-19 National Assembly asked to stop FG\xe2\x80\x99s plans to feed 'ghost pupils Daily Post Nigeria https://t.co/EqhRgc0Pac"""
2020-05-12 21:02:35,SportOrthoTX,b'In Ep.04 of #TheCallRoom Dr Berry explains how the country\xe2\x80\x99s lockdown may have been overkill He dives into new d https://t.co/3gzladUZm4'
2020-05-12 21:02:35,devchem123,b'RT What I admire about Spain and Italy is they didn\xe2\x80\x99t hide the horror of covid We all saw the footage of the coffins lined up\xe2\x80\xa6'
2020-05-12 21:02:35,jhayne93,b'RT Yesterday I was tested for COVID-19 out of an abundance of caution on the advice of the Deputy Chief Medical Officer T\xe2\x80\xa6'
2020-05-12 21:02:35,penchantone,"b'Science and facts disagree with your ""opinion. As repo https://t.co/NgAVgQqESD'"
2020-05-12 21:02:35,BxBrotha730,b'_r4evaa I was so ready to get in tune with either a sip &amp paint or a trap &amp paint before this covid thing \xf0\x9f\x98\xa9\xf0\x9f\x98\xa9'
2020-05-12 21:02:35,yasinfjr,b'RT We\xe2\x80\x99re proud to be a part of Charity Tournament starting May 15th All of the $1.5M prize money will be donated to c\xe2\x80\xa6'
2020-05-12 21:02:35,Quosumo_com,"b""That's why we need to fund COVID-19 vaccine research in the public domain (universities -- https://t.co/n3AEqgd9mR"""
2020-05-12 21:02:35,GinaLeinaala81,b'RT Howard law professor Richard Paul Thornell who started the first Peace Corps program abroad dies of covid-19 https://t.\xe2\x80\xa6'
2020-05-12 21:02:35,colso62,b'RT This new Joe Biden ad rips into Trump for his COVID-19 response https://t.co/PX1eV1Dcl0'
2020-05-12 21:02:35,MikeAnyakwo5,b'Infections Decease Act though very important is not what Nigerians want to hear now The crux of the matter https://t.co/RA7PNVC0Ga'
2020-05-12 21:02:35,Longtallhel23,b'RT \xe2\x80\x9cIt is not racist to criticise China and its failings on Covid-19 The Chinese regime censored doctors who tried to warn\xe2\x80\xa6'
2020-05-12 21:02:35,LethalSon7,b'RT ISIOLO senator wants DCI to probe health officials who were involved with Isiolo county covid-19 first patient\xe2\x80\xa6'
2020-05-12 21:02:35,ideate_vision,"b""RT I'm proposing the Americans First Law If a corporation does not rehire the same number of employees they must return any\xe2\x80\xa6"""
2020-05-12 21:02:35,alexanderbarst2,"b""RT RT to be the next video's sister shoutout! THE BIGGEST BEAUTY COLLAB IN HISTORY is now LIVE I asked some friends to j\xe2\x80\xa6"""
2020-05-12 21:02:35,gabe_aguilar03,b'RT If 80 of Americans Wore Masks COVID-19 Infections Would Plummet New Study Says https://t.co/z5M1zhaHOM via \xe2\x80\xa6'
2020-05-12 21:02:35,2_bluestarmom,b'RT _kelly2 to halt the deadly and unforgivable outbreaks at nursing homes instead focusing on untested \xe2\x80\x9csocial distancing policies\xe2\x80\xa6'
2020-05-12 21:02:35,JoJoInNewYork,b'RT Warren County Kentucky where Rand Paul lives has more COVID-19 cases per capita than 51 of the 67 counties in New Eng\xe2\x80\xa6'
2020-05-12 21:02:35,stevele03508839,b'RT Today as with every Tuesday volunteers from the Veterans of the Foundation were out and about delivering food and es\xe2\x80\xa6'
2020-05-12 21:02:35,FakeNews_MSDNC,b'Also before he started making nursing homes take back COVID infected seniors Cuomo shutdo https://t.co/R0HSuQ7IDQ'
2020-05-12 21:02:34,sabiotrix,b'My girl says she\xe2\x80\x99s staying away from me because of COVID-19 but I know it\xe2\x80\x99s really because she finally saw my atroc https://t.co/sMGcevk3YU'
2020-05-12 21:02:34,ARYnewwss,b'RT Mr Yao Jing China\xe2\x80\x99s Ambassador to Pak met COAS Regional security issues &amp COVID 19 discussed COAS expressed gratitud\xe2\x80\xa6'
2020-05-12 21:02:34,brichettogroup1,b'RT Trump and the Republicans are gonna kill an extra hundred thousand and still wreck the economy This is what happens when\xe2\x80\xa6'
2020-05-12 21:02:34,mksizzlingstar,"b'RT ""As Gov Reynolds is poised to loosen restrictions Iowa posts second highest daily death toll from COVID-19"" https://t.co/cj3y\xe2\x80\xa6'"
2020-05-12 21:02:34,Individual_Intv,b'RT Fauci and Birx should resign in disgrace or the president should fire them They were the 2 ppl on the COVID task forc\xe2\x80\xa6'
2020-05-12 21:02:34,rachel_maria65,b'RT Somebody I know just died of COVID-19 \xf0\x9f\x98\xa5'
2020-05-12 21:02:34,mac_fionn,b'RT If 80 of Americans Wore Masks COVID-19 Infections Would Plummet New Study Says #COVID19 https://t.co/qJCBRC3ejC'
2020-05-12 21:02:34,talene,b'RT \xf0\x9f\x98\xb1OMG...a British railway ticket office worker has DIED of #coronavirus after a man who said he had #COVID19 spat and cou\xe2\x80\xa6'
2020-05-12 21:02:34,BlessedMother,b'An Experimental Ultraviolet Light Treatment for Covid-19 Takes Political Heat https://t.co/8jSNusgf87'
2020-05-12 21:02:34,DouglasPatch,"b'RT _DHHR . _DHHR reports as of 5:00 p.m. on May 12 2020 there have been 65,708 laboratory results received for #COVID19 with 1,37\xe2\x80\xa6'"
2020-05-12 21:02:34,sharon_lynch,"b'RT Rand Paul is out here talking about ""silver linings to coronavirus outbreaks at meat packing plants - his belief (which is n\xe2\x80\xa6'"
2020-05-12 21:02:34,JeffSaysStuff2,"b""RT Where we are now it seems clear that the GOP's political arm has effectively decided to give up on trying to control Covi\xe2\x80\xa6"""
2020-05-12 21:02:34,DancingAvocado,b'RT A coalition of legal aid and community groups are urging the state to reduce incarceration levels and limit the risk of COVID-19\xe2\x80\xa6'
2020-05-12 21:02:34,jewelzyb21,"b""$jewelzyb21 I'm trying to get myself moved into a new apartment after leaving an 11 year toxic relatio https://t.co/GCMnF6rvKX"""
2020-05-12 21:02:34,jasoncbrady,b'_Y_Trader A vaccine if it happens at all is 2 years away You are https://t.co/vQ0wvd2Loo'
2020-05-12 21:02:34,Ohdamjoel,b'RT The House Democrats new COVID relief bill includes funding to subsidize rents and mortgages protect elections bailout\xe2\x80\xa6'
2020-05-12 21:02:34,pheeturaki,b'RT _ Breaking Gov has announced a total ban on motorcycle \xe2\x80\x98okada operations in the State This is to help curb the\xe2\x80\xa6'
2020-05-12 21:02:34,AndreaKitta,b'RT Announcing #BehindTheNumbers COVID-19 has touched all our lives (and deaths in one way or another however the deep\xe2\x80\xa6'
2020-05-12 21:02:34,Thooleramawn,"b""RT Let Republicans have their stupid COVID party Conventions convey no electoral advantages It'll be tragic to lose ours but be\xe2\x80\xa6"""
2020-05-12 21:02:34,cinbird16,b'RT Lrt Johnnys special unit Twenty Twenty for Covid 19 charity song produced by Tackey 15 groups 76 johnnys talent from\xe2\x80\xa6'
2020-05-12 21:02:34,shift_in2_turbo,b'RT \xe2\x80\x9cIt was terrifying There were people who were clearly impaired who were in need of assistance There were also people who\xe2\x80\xa6'
2020-05-12 21:02:34,manzarbokharai,b'RT Debbie Aldrich With NCRI-s Ali Safavi Exposes #Iran Training Chinese Clerics And The Dire Situation In Iran With Covid-19\xe2\x80\xa6'
2020-05-12 21:02:34,KW_tag_,"b'RT Is there such a thing as ""back to normal after #covid19 Five changes that might stick around via https://t.co/VoO\xe2\x80\xa6'"
2020-05-12 21:02:34,damkina,b'RT Now is the moment to mobilize a national service program that will put hundreds of thousands to work strengthening the frontl\xe2\x80\xa6'
2020-05-12 21:02:33,TBrown101a,b'RT Yesterday I was tested for COVID-19 out of an abundance of caution on the advice of the Deputy Chief Medical Officer T\xe2\x80\xa6'
2020-05-12 21:02:33,Lise1970,b'For all the very ignorant people in the world including our PM read this https://t.co/2unQY1Kw5j #COVID19 #StayHome'
2020-05-12 21:02:33,vanesprza,b'RT _ I still can\xe2\x80\x99t get over how Americans got tired of COVID and just decided it was over.'
2020-05-12 21:02:33,dhaif_77,b'RT This is a prediction of cases of #Covid_19 in #Oman Curve A If staying at home is forced (cases &lt;100) Curve B if both scho\xe2\x80\xa6'
2020-05-12 21:02:33,Schoene04359083,b'RT NEW New York is partnering with to open 24 temporary COVID testing sites at churches in predominantly low\xe2\x80\xa6'
2020-05-12 21:02:33,bryanecaster,b'Fox News [online] 4 in 10 Americans say working from home is more stressful during Covid-19 pandemic hahaha gre https://t.co/FyYc2vIKOx'
2020-05-12 21:02:33,the_tomholland,"b'RT Amazing to watch the same media who spent a month ripping Trump as racist for calling covid-19 the ""Chinese virus now expl\xe2\x80\xa6'"
2020-05-12 21:02:33,Temitope__b,b'RT So we fit take the COVID drink with Gala?'
2020-05-12 21:02:33,OzforCongress,"b'RT _Pierce The City of Fort Pierce is offering free COVID-19 testing without the need for an appointment Thursday May 14 and Friday,\xe2\x80\xa6'"
2020-05-12 21:02:33,jailson_da,b'Novartis commits to donate up to 130 million doses of hydroxychloroquine to support the global COVID-19 pandemic re https://t.co/F8JSS9CqVW'
2020-05-12 21:02:33,jonnycat222,b'RT we deserve covid'
2020-05-12 21:02:33,daNIU_dawg38,b'RT _1 Quarantine Coffee live now! Please go check out https://t.co/qkEtsVZQR8 this amazing medium roast is helping with Covid Relie\xe2\x80\xa6'
2020-05-12 21:02:33,UOWTV,b'RT Yesterday I was tested for COVID-19 out of an abundance of caution on the advice of the Deputy Chief Medical Officer T\xe2\x80\xa6'
2020-05-12 21:02:33,JoanHun58415364,"b""RT New Q (12 May '20) CA lost Fed $ due to Sanctuary City status Lighting fires to declare state emergency for $ isn't cutt\xe2\x80\xa6"""
2020-05-12 21:02:33,DetentionWatch,b'No More Detention Centers in Michigan is reporting an active hunger strike at the BOP-managed North Lake Correction https://t.co/zoXxnZ4AXp'
2020-05-12 21:02:33,pam30301,b'RT The revelations Coronavirus reached Edinburgh at an international conference held at the Carlton i\xe2\x80\xa6'
2020-05-12 21:02:33,sunnyetal,b'RT NEWS Trump withdraws Mar-a-Lago dock plan 3 days after reports his proposal during Covid crisis raised\xe2\x80\xa6'
2020-05-12 21:02:33,stacistormy,b'RT _ I still can\xe2\x80\x99t get over how Americans got tired of COVID and just decided it was over.'
2020-05-12 21:02:33,tankmetall,b'_magic Order some Ikoria from Amazon found out that I won\xe2\x80\x99t be getting them until next week or near the end month thanks covid 19'
2020-05-12 21:02:33,NASUWTDONNY,b'RT _NASUWT 4.There are serious health safety &amp welfare issues for staff &amp pupils which have not been addressed. 5 The Governmen\xe2\x80\xa6'
2020-05-12 21:02:33,kenhendon,"b'RT So far the has helped conduct 225,825 COVID-19 tests made 634,030 coronavirus test kits and deliver\xe2\x80\xa6'"
2020-05-12 21:02:33,iwona_kozlowski,b'RT Friendship Tuesday \xe2\x80\x9cIt is in dark times that the light of friendship shines brightest\xe2\x80\x9d-RP Evans Connect with your frie\xe2\x80\xa6'
2020-05-12 21:02:32,CarolLei4,b'RT The federal government bailed out big corporations and gave millionaires a tax cut in the first COVID bills. It\xe2\x80\x99s time for\xe2\x80\xa6'
2020-05-12 21:02:32,BreannaAliece,b'Whew Chile working at medical institute in a medical district during Covid-19 \xf0\x9f\x99\x84'
2020-05-12 21:02:32,almaclean28,"b'RT Twitter has decided we are their little children &amp will protect us from ""misinformation about covid-19. \xe2\x80\xa6'"
2020-05-12 21:02:32,pursueliberty,b'RT Did anyone at bother asking Gonzalez about the hundreds of thousands of jobs she killed with #AB5 and how she singl\xe2\x80\xa6'
2020-05-12 21:02:32,basant_bhoruka,b'RT More than a thousand cops in Maharashtra tested positive for COVID-19 so far seven police personnel dead https://t.co/zRBO56iIfV'
2020-05-12 21:02:32,JohnWallTooting,b'RT Discharging hospital patients without a negative COVID_19 result into care homes looks like a deliberate attempt to intro\xe2\x80\xa6'
2020-05-12 21:02:32,ProgressMama1,"b'RT Chris Murphy tells Fauci Hahn Redfield ""you work for a president who is frankly undermining efforts to combat COVID-19.'"
2020-05-12 21:02:32,stanspak,"b""RT \xf0\x9f\x9a\xa8BREAKING NEWS\xf0\x9f\x9a\xa8 Thanks to the lies Trump is spewing 72 people in Wisconsin test positive after attending 'large gatheri\xe2\x80\xa6"""
2020-05-12 21:02:32,bails94,b'RT Doctor called I am COVID free and IMMUNE Woooooooo!!!'
2020-05-12 21:02:32,NDevonTories,"b""RT Please be considerate to our communities and staff if you choose to visit Exmoor National Park following the Government's ann\xe2\x80\xa6"""
2020-05-12 21:02:32,Eve_Villasenor,b'RT _ I still can\xe2\x80\x99t get over how Americans got tired of COVID and just decided it was over.'
2020-05-12 21:02:32,KartikeyaSingh,"b'For those of you who don\xe2\x80\x99t speak in \xe2\x80\x9clakhs and \xe2\x80\x9ccrores, here is what India\xe2\x80\x99s covid stimulus adds up to India unv https://t.co/vFG9LvPfVR'"
2020-05-12 21:02:32,katy_liberty,b'RT #GoodNewsOfTheDay The Trump Administration is sending over $10 MILLION to 36 Community Health Centers across Louisiana\xe2\x80\xa6'
2020-05-12 21:02:32,theyoungonex,b'RT On the 31st March I lost my grandma to COVID-19 I started a GoFundMe to help with the cost of the funeral arrangements A\xe2\x80\xa6'
2020-05-12 21:02:32,bryantpk65,b'RT I did not have the emergence of a COVID fan club on my 2020 Apocalypse Bingo Card but reading some MAGA Twitter feeds sh\xe2\x80\xa6'
2020-05-12 21:02:32,NarcoHunter,"b""Clearly people don't know their states death statistics More children die due to accidental drownin https://t.co/nMhD1yDPPa"""
2020-05-12 21:02:32,demplon_ASR,"b""RT RT to be the next video's sister shoutout! THE BIGGEST BEAUTY COLLAB IN HISTORY is now LIVE I asked some friends to j\xe2\x80\xa6"""
2020-05-12 21:02:32,MrsBlackburnSLP,b'With virtual meetings becoming a critical tool for U.S workers in the wake of the COVID-19 pandemic people with h https://t.co/x98V9QiGDs'
2020-05-12 21:02:32,toypilaNewsQ,b'RT Doctor called I am COVID free and IMMUNE Woooooooo!!!'
2020-05-12 21:02:32,ThomasAcworth,"b'RT Of the 22,049 people who have died with Covid in English hospitals only 31 were aged under 40 and had no underlying health\xe2\x80\xa6'"
2020-05-12 21:02:32,atwittya,b'thinking about how my mother despite suffering from covid and knowing its realities first hand is also so prepare https://t.co/j0dz7cuRDc'
2020-05-12 21:02:32,xyTweats,"b""RT Isn't it odd that the vast majority of Western Governments were coordinated in their Panic to Covid-19 Almost like there\xe2\x80\xa6"""
2020-05-12 21:02:31,SaiSaixChan,b'RT _ I still can\xe2\x80\x99t get over how Americans got tired of COVID and just decided it was over.'
2020-05-12 21:02:31,TrumpGoAway,b'I can\xe2\x80\x99t believe I\xe2\x80\x99m typing these words but my Mom is home!! 2 weeks ago I had to say goodbye to her and now she\xe2\x80\x99s https://t.co/XcKFOlc6Rj'
2020-05-12 21:02:31,Hannah_Couchman,"b""RT BREAKING We've sent a legal letter demanding the UK govt release details of its 'unprecedented NHS data deal. We need\xe2\x80\xa6"""
2020-05-12 21:02:31,healthspace,b'\xe2\x80\x9cIt will be really innovative \xe2\x80\x94 I wish we had it a month ago. Okanogan County Community Health Director Lauri Jo https://t.co/9NZGc9Jdj7'
2020-05-12 21:02:31,arteta087,b'RT Trump and the Republicans are gonna kill an extra hundred thousand and still wreck the economy This is what happens when\xe2\x80\xa6'
2020-05-12 21:02:31,kevproudbdi,b'RT #Madagascar president _Rajoelina \xc2\xabI think the problem with Covid-Organics is that it comes from Africa O\xe2\x80\xa6'
2020-05-12 21:02:31,watanpal12,"b""RT PTM's leader and our friend has been tested positive for COVID-19 He is taking necessary precautions and is fin\xe2\x80\xa6"""
2020-05-12 21:02:31,Sn0wd3n,b'RT Here are the survival rates of COVID-19: \xf0\x9f\x87\xba 99.983% \xf0\x9f\x87\xaa 99.956% \xf0\x9f\x87\xa7 99.944% \xf0\x9f\x87\xae 99.957% \xf0\x9f\x87\xab 99.965% \xf0\x9f\x87\xac 99.972% \xf0\x9f\x87\xb7 99.975% Mayb\xe2\x80\xa6'
2020-05-12 21:02:31,leeleemunster,"b""RT Your Every Move Will Be Watched Post-COVID Offices To Resemble China's Social Credit System https://t.co/WsZJEuqviF"""
2020-05-12 21:02:31,diiogoo03,b'RT covid a eu https://t.co/fJ6lwI7nx4'
2020-05-12 21:02:31,CherKalleck,b'RT Trump and the Republicans are gonna kill an extra hundred thousand and still wreck the economy This is what happens when\xe2\x80\xa6'
2020-05-12 21:02:31,NatMatchOT,b'RT New learning package to support Allied Health Professionals helping to tackle COVID-19 Health Education England https:\xe2\x80\xa6'
2020-05-12 21:02:31,fortunexe1,b'Updates on Covid-19 in Ghana https://t.co/wHtyqrLCfa'
2020-05-12 21:02:31,GaiborMunoz,b'RT Sin Covid con Covid https://t.co/Lko80bKCTB'
2020-05-12 21:02:31,nicshamhrain,b'RT Here are the survival rates of COVID-19: \xf0\x9f\x87\xba 99.983% \xf0\x9f\x87\xaa 99.956% \xf0\x9f\x87\xa7 99.944% \xf0\x9f\x87\xae 99.957% \xf0\x9f\x87\xab 99.965% \xf0\x9f\x87\xac 99.972% \xf0\x9f\x87\xb7 99.975% Mayb\xe2\x80\xa6'
2020-05-12 21:02:31,petitbellele,b'RT _ I still can\xe2\x80\x99t get over how Americans got tired of COVID and just decided it was over.'
2020-05-12 21:02:31,redloon,b'RT Traumatic bike accidents up 167 amongst kids in Palm Beach County during COVID-19 shutdown https://t.co/BaQlivYDvY reports \xe2\x80\xa6'
